post_id,date,datetime,title,text,reddit_score,upvote_ratio,num_comments,author,sentiment,sentiment_score,permalink,collection_method,flair
1oedh23,2025-10-23,2025-10-23 14:59:55,"YOLO Beyond Meat 7000 contracts $350,000 position","YOLO Beyond Meat 7000 contracts 350,000 position I ve been a vegan regard for many years This is one fight can sink my teeth into Good luck",1466,0.95,274,wanderingtofu,neutral,0.915307343006134,https://reddit.com/r/wallstreetbets/comments/1oedh23/yolo_beyond_meat_7000_contracts_350000_position/,new,YOLO
1oeb66h,2025-10-23,2025-10-23 13:31:17,MSOS- Cannabis DD,MSOS Cannabis DD Trump last month said he ll look into rescheduling marijuana Unlikely to get full legalization anytime soon but a rescheduling of marijuana to a schedule III drug instead of schedule ...,26,0.75,37,AdministrativeWar647,neutral,0.8567430973052979,https://reddit.com/r/wallstreetbets/comments/1oeb66h/msos_cannabis_dd/,new,DD
1oea9vq,2025-10-23,2025-10-23 12:57:28,Long BYND,Long BYND,1734,0.91,450,Trick_Raccoon_HTX,neutral,0.9016311168670654,https://reddit.com/r/wallstreetbets/comments/1oea9vq/long_bynd/,new,YOLO
1oe1lor,2025-10-23,2025-10-23 07:12:03,idc,idc,1263,0.94,263,No_Yesterday5746,neutral,0.9167026281356812,https://reddit.com/r/wallstreetbets/comments/1oe1lor/idc/,search_beyond meat,YOLO
1odw7lb,2025-10-23,2025-10-23 01:42:37,"Thanks BYND, QBTS and BITF","Thanks BYND, QBTS and BITF Started early october with 5k turned it into 40k playing QBTS from 20 to 40 Then turned that 40k into 80k with BITF from 3 50 to 6 50 Then i heard about BYND bought at 1 dol...",283,0.93,59,Darkfury44,neutral,0.866349995136261,https://reddit.com/r/wallstreetbets/comments/1odw7lb/thanks_bynd_qbts_and_bitf/,new,Gain
1odvbym,2025-10-23,2025-10-23 00:47:18,"YOLOâ€™d BYND shares, turned $92K into $394K ðŸ’ŽðŸš€ðŸ¥©","YOLO d BYND shares, turned 92K into 394K Noticed BYND last Friday The setup looked great, but didn t wanna hold through the weekend Monday premarket when it hit 1 02, I couldn t wait and YOLO d 92K fo...",1518,0.96,76,labrador001,neutral,0.8070157766342163,https://reddit.com/r/wallstreetbets/comments/1odvbym/yolod_bynd_shares_turned_92k_into_394k/,new,Gain
1odv1ar,2025-10-23,2025-10-23 00:29:26,IOVANCE DD ðŸš€ðŸš€,IOVANCE DD IOVA The Solid Tumor Cell Therapy Setup of the Year Five Catalysts Lining Up Within 49 Trading Days FDA Approved Product Massive Short Interest Path to 20 B Valuation The Setup We re enteri...,21,0.68,39,StarScaraper23,neutral,0.8494858145713806,https://reddit.com/r/wallstreetbets/comments/1odv1ar/iovance_dd/,new,DD
1odtgya,2025-10-23,2025-10-22 22:59:12,Are we here? Comparing BYND to OPEN,Are we here Comparing BYND to OPEN Hodling,424,0.84,148,PT0920,neutral,0.8584305047988892,https://reddit.com/r/wallstreetbets/comments/1odtgya/are_we_here_comparing_bynd_to_open/,new,YOLO
1odsenu,2025-10-23,2025-10-22 22:02:53,I got lucky,I got lucky Hmm,2616,0.98,165,offmychestties,neutral,0.6613691449165344,https://reddit.com/r/wallstreetbets/comments/1odsenu/i_got_lucky/,search_bynd,Gain
1odn3xn,2025-10-22,2025-10-22 17:52:30,"YOLO! Holding BYND Calls, equivalent to 188,500 shares. I'm not quitting!","YOLO Holding BYND Calls, equivalent to 188,500 shares I m not quitting",1119,0.94,374,WanderingBus,neutral,0.9282009601593018,https://reddit.com/r/wallstreetbets/comments/1odn3xn/yolo_holding_bynd_calls_equivalent_to_188500/,new,YOLO
1odmqs9,2025-10-22,2025-10-22 17:36:29,"Not selling sht, bought for ~ $138k","Not selling sht, bought for 138k Feels like the last time, greetings from",3708,0.95,726,Fuzzy-Locksmith-5958,neutral,0.8653302192687988,https://reddit.com/r/wallstreetbets/comments/1odmqs9/not_selling_sht_bought_for_138k/,search_bynd,YOLO
1odlf6s,2025-10-22,2025-10-22 16:41:06,Again again!,"Again again Was on bynd until markets were halted like 5 times and shorts were set free I left that to do the usual SPY 0DTEs Hit a home run first try, overtraded, and here we are The exact same peak ...",98,0.94,32,clapthattrap445,neutral,0.7592885494232178,https://reddit.com/r/wallstreetbets/comments/1odlf6s/again_again/,new,Loss
1odjqz3,2025-10-22,2025-10-22 15:35:24,My day in a picture,My day in a picture,122,0.87,30,AdShot7779,neutral,0.8615521788597107,https://reddit.com/r/wallstreetbets/comments/1odjqz3/my_day_in_a_picture/,search_bynd,YOLO
1odibhu,2025-10-22,2025-10-22 14:41:36,Canâ€™t make this up,Can t make this up,10495,0.97,533,InterviewSenior6127,neutral,0.5626456141471863,https://reddit.com/r/wallstreetbets/comments/1odibhu/cant_make_this_up/,search_bynd,Meme
1odi7of,2025-10-22,2025-10-22 14:37:36,Is it too soon?,Is it too soon,6509,0.98,174,Miserable-Midnight75,neutral,0.6800103783607483,https://reddit.com/r/wallstreetbets/comments/1odi7of/is_it_too_soon/,search_beyond meat,Meme
1odhpu4,2025-10-22,2025-10-22 14:18:58,ðŸš€ YOLOâ€™d on BYND short squeeze calls - 185k gains,"YOLO d on BYND short squeeze calls 185k gains Loaded up on calls and shares like a true autist MMs started hedging, shorts started squealing, and suddenly this vegan burger turned into a wagyu rocket ...",483,0.96,36,mightyenapwns,neutral,0.8689113259315491,https://reddit.com/r/wallstreetbets/comments/1odhpu4/yolod_on_bynd_short_squeeze_calls_185k_gains/,new,Gain
1odh4ol,2025-10-22,2025-10-22 13:57:09,Full Port $58.9K BYND into Roth IRA,"Full Port 58 9K BYND into Roth IRA If this can get back to six seven by the end of the week, that d be cool Edit update It s difficult to keep up with all of the comments, so I ll post some thoughts 1...",1051,0.94,551,rarepresence23,neutral,0.7417286038398743,https://reddit.com/r/wallstreetbets/comments/1odh4ol/full_port_589k_bynd_into_roth_ira/,new,YOLO
1odgvji,2025-10-22,2025-10-22 13:47:49,BYND Bagholders that bought at $7+,BYND Bagholders that bought at 7 Ouch,19883,0.94,914,ThatOldGuy7863,neutral,0.9131203293800354,https://reddit.com/r/wallstreetbets/comments/1odgvji/bynd_bagholders_that_bought_at_7/,new,Meme
1oddv29,2025-10-22,2025-10-22 11:57:39,BYND gains. First buy ins at 0.60. Wish I bought more ðŸ¥¹,BYND gains First buy ins at 0 60 Wish I bought more Came in and out a few times If I held my original positions without coming in and out I would have came out with around 30k profit But a wins a win ...,329,0.94,62,allenk24,neutral,0.6077012419700623,https://reddit.com/r/wallstreetbets/comments/1oddv29/bynd_gains_first_buy_ins_at_060_wish_i_bought_more/,new,Gain
1odcy1d,2025-10-22,2025-10-22 11:24:16,Thank you $BYND. GTLA still in. I hope it moons to $10+ ðŸ«¡,"Thank you BYND GTLA still in I hope it moons to 10 50,700 shares at 2 08 cost average 45 1 calls exp 1 6 26 12 3 calls exp 11 14 IRA also had a nice overnight gain holding 9,800 shares with 3 64 cost ...",825,0.92,148,SailingforBooty,neutral,0.860083281993866,https://reddit.com/r/wallstreetbets/comments/1odcy1d/thank_you_bynd_gtla_still_in_i_hope_it_moons_to_10/,new,Gain
1odc3pk,2025-10-22,2025-10-22 10:53:24,$325k short BYND,325k short BYND Actually wanted to buy this yesterday at close around 4 but it shot up too much so I decided to be retarded and short this morning I wanted to short 750k but fidelity raised margin for...,122,0.6,72,Xsun686,positive,0.8623828887939453,https://reddit.com/r/wallstreetbets/comments/1odc3pk/325k_short_bynd/,new,Gain
1odahsl,2025-10-22,2025-10-22 09:54:15,I messed up.,I messed up,616,0.96,273,Papo_of_the_papos,negative,0.6016986966133118,https://reddit.com/r/wallstreetbets/comments/1odahsl/i_messed_up/,search_bynd,Loss
1oda914,2025-10-22,2025-10-22 09:45:07,"Sell when others buy, buy when others sell","Sell when others buy, buy when others sell Gg",515,0.84,165,Adventurous_Tax2458,neutral,0.93756502866745,https://reddit.com/r/wallstreetbets/comments/1oda914/sell_when_others_buy_buy_when_others_sell/,search_bynd,YOLO
1od94t2,2025-10-22,2025-10-22 09:02:12,60k in BYND,60k in BYND,2381,0.95,881,PPhunt3r,neutral,0.8626824617385864,https://reddit.com/r/wallstreetbets/comments/1od94t2/60k_in_bynd/,new,YOLO
1od8ol6,2025-10-22,2025-10-22 08:44:24,BYND all in Brokeragelink,BYND all in Brokeragelink I d have over 50000 shares if I don t paper hand and rebuh several times Like clockwork me selling RALLY UP So I m done Holding here and my other 2000 peeps al shares,527,0.96,131,DaPurpleRT,neutral,0.811759889125824,https://reddit.com/r/wallstreetbets/comments/1od8ol6/bynd_all_in_brokeragelink/,new,YOLO
1od8iee,2025-10-22,2025-10-22 08:37:28,BYND / 88k -> 290k,"BYND 88k 290k Helped my mom out a lot, forever grateful Schwab 77k to 260k shares SoFi 11k to 100k calls",460,0.96,32,gogo_nagra,neutral,0.8823327422142029,https://reddit.com/r/wallstreetbets/comments/1od8iee/bynd_88k_290k/,new,Gain
1od7g08,2025-10-22,2025-10-22 07:52:58,"BYND YOLO, hit my first 100k overnight and still holding","BYND YOLO, hit my first 100k overnight and still holding Mods deleted my last post, let me know if I m doing something wrong Not a bot, just a regard trying to spread the hype",3271,0.97,490,bucken1019,neutral,0.6020203232765198,https://reddit.com/r/wallstreetbets/comments/1od7g08/bynd_yolo_hit_my_first_100k_overnight_and_still/,new,Gain
1od7694,2025-10-22,2025-10-22 07:41:17,Todayâ€™s the day,Today s the day 15k shares 4 66,611,0.97,88,Stock_Hand_8454,neutral,0.8351976871490479,https://reddit.com/r/wallstreetbets/comments/1od7694/todays_the_day/,search_bynd,YOLO
1od73hd,2025-10-22,2025-10-22 07:37:47,Wifeâ€™s boyfriend said Iâ€™m the only thing thatâ€™s getting grilled if I lose it all on BYND,"Wife s boyfriend said I m the only thing that s getting grilled if I lose it all on BYND Just getting started, thanks caybara A visionary of your time",585,0.98,82,thegoldencatcafe,neutral,0.8181084990501404,https://reddit.com/r/wallstreetbets/comments/1od73hd/wifes_boyfriend_said_im_the_only_thing_thats/,new,YOLO
1od6py7,2025-10-22,2025-10-22 07:20:52,11K Shares BYND LFG,11K Shares BYND LFG,414,0.98,36,PreparationFuture792,neutral,0.9347854852676392,https://reddit.com/r/wallstreetbets/comments/1od6py7/11k_shares_bynd_lfg/,new,YOLO
1od6f4h,2025-10-22,2025-10-22 07:06:50,All in BYNDðŸ¥©,"All in BYND Originally bought at 3 2, stop limit got me",1083,0.96,113,Floraex,neutral,0.8107542991638184,https://reddit.com/r/wallstreetbets/comments/1od6f4h/all_in_bynd/,new,YOLO
1od6cig,2025-10-22,2025-10-22 07:03:27,FULL PORTED MY LIFE SAVINGS INTO BYND,FULL PORTED MY LIFE SAVINGS INTO BYND LET S GO TO THE MOON,1444,0.95,355,CalmTrades,neutral,0.887231707572937,https://reddit.com/r/wallstreetbets/comments/1od6cig/full_ported_my_life_savings_into_bynd/,new,YOLO
1od664p,2025-10-22,2025-10-22 06:55:11,Another regard holding BYND the line at 6.9 average ðŸ˜Ž 70k,Another regard holding BYND the line at 6 9 average 70k,979,0.96,200,Altruistic-View-4260,neutral,0.7787004113197327,https://reddit.com/r/wallstreetbets/comments/1od664p/another_regard_holding_bynd_the_line_at_69/,new,YOLO
1od5vqz,2025-10-22,2025-10-22 06:40:49,BYND Yolo 145k!,"BYND Yolo 145k Monkey see, monkey buy Edit I had a Stop Loss on 4,6 I got 5k and I m out now D",1676,0.95,218,Lucky_Lucky1,neutral,0.5086484551429749,https://reddit.com/r/wallstreetbets/comments/1od5vqz/bynd_yolo_145k/,new,YOLO
1od5lvd,2025-10-22,2025-10-22 06:26:10,BYND BUY @ $7.50,BYND BUY 7 50 Averaging in on this small dip,11251,0.91,2230,Original-Bowler-2184,neutral,0.7738720178604126,https://reddit.com/r/wallstreetbets/comments/1od5lvd/bynd_buy_750/,new,YOLO
1ocowpq,2025-10-21,2025-10-21 16:00:21,$16k PEGA ER Yolo,"16k PEGA ER Yolo I had 25k in calls and wimped out, cut partial to be safe PEGA mooning AH contracts should open over 100 tmrw For anyone asking why I bought it I saw unusual option flows on a low vol...",7,0.71,20,LongjumpingLawyer490,neutral,0.5668937563896179,https://reddit.com/r/wallstreetbets/comments/1ocowpq/16k_pega_er_yolo/,search_options flow,YOLO
1o7954w,2025-10-15,2025-10-15 07:05:48,AHOY! We set sail on the Digital Ocean - DOCN $20k YOLO,"AHOY We set sail on the Digital Ocean DOCN 20k YOLO Ahoy Mateys, Last week I introduced you guys to the P A T H which was up 30 until the Trump Tariff Tape Bomb on Friday I m still holding a large Jan...",962,0.97,307,ChemaKyle,neutral,0.8987517952919006,https://reddit.com/r/wallstreetbets/comments/1o7954w/ahoy_we_set_sail_on_the_digital_ocean_docn_20k/,search_options flow,DD
1o6om98,2025-10-14,2025-10-14 14:07:58,Strategy? Iâ€™m a Vegan,Strategy I m a Vegan Hello fellow Vegans I am vegan Beyond Meat just settled 800m 0 2027 notes by issuing 4x the float to creditors with 1 3 of the shares unlocking on Friday They also rolled 200m to ...,55,0.8,94,OmgJosh925,neutral,0.8889207243919373,https://reddit.com/r/wallstreetbets/comments/1o6om98/strategy_im_a_vegan/,new,YOLO
1o2zf8d,2025-10-10,2025-10-10 07:23:35,"[DD] RDDT $2.3M Full Family Port Yolo - BTFD, Betting The Family Dynasty","DD RDDT 2 3M Full Family Port Yolo BTFD, Betting The Family Dynasty TL DR This selloff wasn t based on reduced ChatGPT citations It was linked to political news Charlie Kirk RIP Revenge of the Bears A...",863,0.88,282,OmgItsMrTinkles,neutral,0.5185080766677856,https://reddit.com/r/wallstreetbets/comments/1o2zf8d/dd_rddt_23m_full_family_port_yolo_btfd_betting/,search_options flow,DD
1o268sz,2025-10-09,2025-10-09 08:41:13,PayPal ($PYPL) - Agentic AI and insane option flow,"PayPal PYPL Agentic AI and insane option flow Good Morning, Donald Pump here, Once again, I hope you are all enjoying the crispy tendies of my previous 4 posts BITF, PSKY, SKYT, CRSP Behold, hot off t...",504,0.92,465,DonaldPump1,neutral,0.9006401300430298,https://reddit.com/r/wallstreetbets/comments/1o268sz/paypal_pypl_agentic_ai_and_insane_option_flow/,search_options flow,YOLO
1o124hc,2025-10-08,2025-10-08 00:33:09,Where are my fellow bulls?,"Where are my fellow bulls 46 year over year revenue growth 64 increase in customer assets Global expansion Relaunch of crypto trading New Buy rating from Rosenblatt Securities 117 borrow fee Only 9,00...",49,0.85,61,JOSHGONAMAKEIT,neutral,0.8495702147483826,https://reddit.com/r/wallstreetbets/comments/1o124hc/where_are_my_fellow_bulls/,search_borrow fee,DD
1nzgoi4,2025-10-06,2025-10-06 06:41:26,YOLO (19M) OPENDOOR TECHNOLOGIES,"YOLO 19M OPENDOOR TECHNOLOGIES Hello everyone, I m not sure if this fits perfectly here, but I wanted to share my story and analysis I m a college student who s had an incredible year in the market my...",0,0.47,133,bannana_1,neutral,0.8965343236923218,https://reddit.com/r/wallstreetbets/comments/1nzgoi4/yolo_19m_opendoor_technologies/,search_options flow,YOLO
1nzd00j,2025-10-06,2025-10-06 02:55:27,LandBridge DD but not really,LandBridge DD but not really LB Future Outlook Catalysts to Watch LandBridge LB is quietly morphing from a niche Permian land play into a diversified infrastructure energy real asset story If executio...,11,0.64,11,Logical-Contest-4448,positive,0.9063282608985901,https://reddit.com/r/wallstreetbets/comments/1nzd00j/landbridge_dd_but_not_really/,search_short squeeze,DD
1ntp1z6,2025-09-29,2025-09-29 12:57:13,$1.7M INTC bet for NANA,"1 7M INTC bet for NANA TLDR Trump will rig INTC to go up, forcing companies to partner with them and build their foundry business, for national security and his pride INTC has a trump put, if he sees ...",750,0.94,190,Usual_Variation_8628,neutral,0.7320510149002075,https://reddit.com/r/wallstreetbets/comments/1ntp1z6/17m_intc_bet_for_nana/,search_options flow,DD
1ntofvm,2025-09-29,2025-09-29 12:34:11,JBS N.V. DD,"JBS N V DD JBS An Investment Thesis The Bull Case Pros The U S beef industry is a case study in supply side economics The fundamental bull case for JBS is not about today s price, currently 14 65 at w...",10,0.78,5,Sidney1973,positive,0.8124392032623291,https://reddit.com/r/wallstreetbets/comments/1ntofvm/jbs_nv_dd/,search_plant based meat,DD
1nrvnxd,2025-09-29,2025-09-27 08:46:36,Upcoming OKLO Catalysts That Could Push It to $200+,"Upcoming OKLO Catalysts That Could Push It to 200 TL DR The biggest near term catalysts for Oklo OKLO are 1 Regulatory licensing filings with reduced fees now in effect, and 2 LOIs converting into bin...",251,0.82,349,C130J_Darkstar,neutral,0.8640126585960388,https://reddit.com/r/wallstreetbets/comments/1nrvnxd/upcoming_oklo_catalysts_that_could_push_it_to_200/,search_borrow fee,DD
1nnr3mg,2025-09-22,2025-09-22 11:24:18,YOLO $600k+ speculation on MUX as Barrick M&A target,"YOLO 600k speculation on MUX as Barrick M A target Commodities like gold, silver, and uranium have the sex appeal for investors doing moon math on free cash flow from rising commodity prices However, ...",46,0.91,29,gbaked,neutral,0.8462054133415222,https://reddit.com/r/wallstreetbets/comments/1nnr3mg/yolo_600k_speculation_on_mux_as_barrick_ma_target/,search_options flow,YOLO
1nl8km0,2025-09-19,2025-09-19 11:39:52,Duolingo DD,"Duolingo DD Dear, Ladies, gentleman and degenerate market regards I ve been doing a deep dive into one particular public company called Duolingo You might be saying wtf the language learning app Yes c...",60,0.8,63,Significant_Papaya28,negative,0.7471203207969666,https://reddit.com/r/wallstreetbets/comments/1nl8km0/duolingo_dd/,search_options flow,DD
1nl4gc6,2025-09-19,2025-09-19 09:03:22,US DOE launches Speed to Power initiative to meet rising demand,US DOE launches Speed to Power initiative to meet rising demand The U S Department of Energy has launched the Speed to Power initiative to accelerate large scale generation and transmission projects t...,255,0.95,150,C130J_Darkstar,neutral,0.5464431643486023,https://reddit.com/r/wallstreetbets/comments/1nl4gc6/us_doe_launches_speed_to_power_initiative_to_meet/,search_plant based meat,News
1niobby,2025-09-16,2025-09-16 12:43:04,$MSTR: Setup for a Pop Tomorrow,"MSTR Setup for a Pop Tomorrow I m eyeing MicroStrategy MSTR hard right now and loaded up on some calls ahead of tomorrow s Fed decision September 17, 2025 Stock s at 331 after pulling back from 457 hi...",117,0.85,131,Remarkable-Ad5326,neutral,0.6104128360748291,https://reddit.com/r/wallstreetbets/comments/1niobby/mstr_setup_for_a_pop_tomorrow/,search_short squeeze,DD
1ngsrhb,2025-09-15,2025-09-14 09:30:21,"DCF is actually a valid methodology, and it's working (on a longer timespan)","DCF is actually a valid methodology, and it s working on a longer timespan About 6 months ago, I posted about using the discounted cash flows DCF approach to value SOFI The DCF had predicted a price t...",23,0.66,45,iTrixZed,neutral,0.7828388810157776,https://reddit.com/r/wallstreetbets/comments/1ngsrhb/dcf_is_actually_a_valid_methodology_and_its/,search_options flow,Discussion
1ndfwkt,2025-09-10,2025-09-10 09:35:04,CHEWY Oversold on Solid Eearnings,"CHEWY Oversold on Solid Eearnings Dear Regards, I ll keep it short Check my earlier posts on WSB to see my trackrecord of picking stocks My previous pick was Droneshield right before it went up by a m...",157,0.93,89,Sliceofcheddarbtween,neutral,0.6805911064147949,https://reddit.com/r/wallstreetbets/comments/1ndfwkt/chewy_oversold_on_solid_eearnings/,search_short squeeze,DD
1ncjyj0,2025-09-09,2025-09-09 09:09:40,My $UNH calls are finally ITMâ€¦ but holding until $400,"My UNH calls are finally ITM but holding until 400 35k gain so far UNH is going to fill the gap up, squeezing shorts all the way up to 400",265,0.93,33,ChosenPrince,positive,0.8540834784507751,https://reddit.com/r/wallstreetbets/comments/1ncjyj0/my_unh_calls_are_finally_itm_but_holding_until_400/,search_short squeeze,Gain
1n01x1v,2025-08-25,2025-08-25 15:37:05,Meren Energy is the cheapest oil company in the world $MER.TO [DD],"Meren Energy is the cheapest oil company in the world MER TO DD Regard warning This company actually generates operating income, so it might not be for you Meren Energy, formerly Africa Oil Corp, TO M...",93,0.89,36,Virtual_Seaweed7130,neutral,0.7780207991600037,https://reddit.com/r/wallstreetbets/comments/1n01x1v/meren_energy_is_the_cheapest_oil_company_in_the/,search_options flow,DD
1msjbbm,2025-08-18,2025-08-17 01:13:58,UPS TO $100 ?,UPS TO 100 I really think we are at a great spot for a turn around point for UPS The company just bounced off of its pre 2020 low marking it a possible strong resistance point Once we get through to 9...,234,0.87,136,Grand-Departure3485,positive,0.9210737347602844,https://reddit.com/r/wallstreetbets/comments/1msjbbm/ups_to_100/,search_options flow,Discussion
1mrxoq8,2025-08-18,2025-08-16 10:00:20,How Beyond Meat Portfolios look like,How Beyond Meat Portfolios look like,6811,0.96,344,Ok_Firefighter6108,neutral,0.9322330951690674,https://reddit.com/r/wallstreetbets/comments/1mrxoq8/how_beyond_meat_portfolios_look_like/,search_beyond meat,Meme
1mrig0v,2025-08-18,2025-08-15 21:42:04,Why the US Government will buy into INTC - Beyond the Rumors,Why the US Government will buy into INTC Beyond the Rumors Intel is the only U S company pursuing leading edge logic foundry tech on U S soil Every single big tech company that designs AI chips has to...,144,0.79,149,ChainOfThot,neutral,0.7807029485702515,https://reddit.com/r/wallstreetbets/comments/1mrig0v/why_the_us_government_will_buy_into_intc_beyond/,search_plant based meat,Discussion
1mqjphs,2025-08-15,2025-08-14 20:29:38,UNH $$ fish in barrel,UNH fish in barrel Easy buy with over 3 dividend and down 50 now papa Warren likes 1050 shares at 279 once a bag holder now no longer ex divi in September sees thiis up to 400 im thinking thoughts,42,0.79,36,SadCranberry5139,negative,0.7117829322814941,https://reddit.com/r/wallstreetbets/comments/1mqjphs/unh_fish_in_barrel/,search_options flow,Gain
1mpp1lw,2025-08-14,2025-08-13 22:06:23,$UPS - back up the truck,"UPS back up the truck UPS DD Why Papa Buffett s About to Drop the Bombshell Buy Tomorrow And Why You Should Load the Truck Before Amazon Tries to Steal Your Tendies Listen up, I ve got some solid DD o...",93,0.88,37,Schemesymcplots,neutral,0.8892363905906677,https://reddit.com/r/wallstreetbets/comments/1mpp1lw/ups_back_up_the_truck/,search_options flow,DD
1mp7nya,2025-08-13,2025-08-13 10:32:28,$3M on Unity - My DD for U,3M on Unity My DD for U Position 3000 call options for January 2026 with a 30 USD strike price you can also see in my previous postings that I hadn t sold when we were at almost 40 and then when it we...,1339,0.95,334,EmeraldWizzard,neutral,0.8966954946517944,https://reddit.com/r/wallstreetbets/comments/1mp7nya/3m_on_unity_my_dd_for_u/,search_short squeeze,DD
1mhvg2d,2025-08-05,2025-08-04 20:04:24,SoundHound,"SoundHound Fuck the short squeeze narrative This stock seems to be on the up and up, look at the chart and how it s continuing its climb Any of y all love or hate this, feel free to let me know I m 23...",108,0.77,236,OrlandoTragics,neutral,0.4952508807182312,https://reddit.com/r/wallstreetbets/comments/1mhvg2d/soundhound/,search_short squeeze,Discussion
1mgxblh,2025-08-04,2025-08-03 18:02:32,"ALL IN and Max Margins on SMCI !! My Rent Money, Dog's Eye Surgery Fund, Jacked to the Tits!  Either A5 or Instantaneous Ramen","ALL IN and Max Margins on SMCI My Rent Money, Dog s Eye Surgery Fund, Jacked to the Tits Either A5 or Instantaneous Ramen DD TLDR Rocket Reason 1 NVIDIA and all big tech are customers 2 20 short inter...",620,0.93,247,alltits-savant,neutral,0.868003785610199,https://reddit.com/r/wallstreetbets/comments/1mgxblh/all_in_and_max_margins_on_smci_my_rent_money_dogs/,search_short squeeze,YOLO
1mdgvqa,2025-07-30,2025-07-30 15:02:30,"HIMS 2025 $68 Calls â€“ $14K Position, Holding Through Earnings ðŸš€ðŸ“ˆ","HIMS 2025 68 Calls 14K Position, Holding Through Earnings Position 25x HIMS 2025 08 15 68 Calls Avg price 5 40 Current price 5 90 Total cost 14,143 Unrealized P L 637 4 5 Got in early when this thing ...",43,0.9,33,Freemarn,neutral,0.7310671806335449,https://reddit.com/r/wallstreetbets/comments/1mdgvqa/hims_2025_68_calls_14k_position_holding_through/,search_short squeeze,YOLO
1mcep7z,2025-07-29,2025-07-29 10:36:30,Full Port FUBO - $250k,"Full Port FUBO 250k Been in and out of this one for a while Disney merger should be a lock, they re going through all the motions Only negative for the stock was underlying FUBO growth which has been ...",169,0.95,59,ltz---,neutral,0.7742698192596436,https://reddit.com/r/wallstreetbets/comments/1mcep7z/full_port_fubo_250k/,search_options flow,YOLO
1mapebj,2025-07-28,2025-07-27 10:39:04,"$GOOGL | Reports of Searchâ€™s Death Have Been Greatly Exaggerated, NEW ATH INCOMING","GOOGL Reports of Search s Death Have Been Greatly Exaggerated, NEW ATH INCOMING Position 200c 8 1 64 a contract Over 32,000 in OI and 35,000 in volume on Friday Someone is betting for a squeeze THE DU...",997,0.96,212,EZ_PZ_LM_SQ_ZE,neutral,0.9010156393051147,https://reddit.com/r/wallstreetbets/comments/1mapebj/googl_reports_of_searchs_death_have_been_greatly/,search_options flow,DD
1m9v0ja,2025-07-28,2025-07-26 09:41:44,Does it make economic sense for Energy Fuels $UUUU to ship Monazite all the way from Madagascar or Australia to a facility in Utah?,Does it make economic sense for Energy Fuels UUUU to ship Monazite all the way from Madagascar or Australia to a facility in Utah It s a question I hear often when talking about UUUU s critical minera...,517,0.94,211,rekurencja,neutral,0.8241328597068787,https://reddit.com/r/wallstreetbets/comments/1m9v0ja/does_it_make_economic_sense_for_energy_fuels_uuuu/,search_plant based meat,DD
1m7df1j,2025-07-23,2025-07-23 11:09:54,"Balls Deep in $OPEN. Someone Here Said Itâ€™s Gonna Short Squeeze. I Know, Iâ€™m Regarded.","Balls Deep in OPEN Someone Here Said It s Gonna Short Squeeze I Know, I m Regarded",3105,0.92,826,YoLoApehands,neutral,0.8282230496406555,https://reddit.com/r/wallstreetbets/comments/1m7df1j/balls_deep_in_open_someone_here_said_its_gonna/,search_short squeeze,YOLO
1m7a2em,2025-07-23,2025-07-23 09:01:29,$250 into $5700 DNUT,"250 into 5700 DNUT Thanks WSB for kickstarting this shortly after I picked these up No DD just threw a dart at this because of the name, prediction of meme mania short squeeze potential, the obvious m...",181,0.92,49,Least-Sherbert954,neutral,0.8973017930984497,https://reddit.com/r/wallstreetbets/comments/1m7a2em/250_into_5700_dnut/,search_short squeeze,Gain
1m6l36r,2025-07-22,2025-07-22 12:55:42,[DD] The Value Play Cycle Needs Its Third: Why I'm Betting on DNUT,"DD The Value Play Cycle Needs Its Third Why I m Betting on DNUT Alright degenerates, we need to talk OPEN ripped KSS followed But these cycles always come in threes, and we re missing the final piece ...",2686,0.94,954,Enodios,neutral,0.9100741744041443,https://reddit.com/r/wallstreetbets/comments/1m6l36r/dd_the_value_play_cycle_needs_its_third_why_im/,search_options flow,DD
1m2g97u,2025-07-17,2025-07-17 14:04:57,"ðŸ’¥ $7M LCID YOLO: UBER LIT THE FUSE â€“ SHORTS ABOUT TO GET VAPORIZED, PHASE 2 BEGINS ðŸ’¥","7M LCID YOLO UBER LIT THE FUSE SHORTS ABOUT TO GET VAPORIZED, PHASE 2 BEGINS Back again You remember the guy who dropped 7 MILLION into LCID at 2 57 Well, I held Through the blood Through the comments...",1458,0.92,413,Psychological_Ask301,neutral,0.9143552780151367,https://reddit.com/r/wallstreetbets/comments/1m2g97u/7m_lcid_yolo_uber_lit_the_fuse_shorts_about_to/,search_borrow fee,YOLO
1lwos1w,2025-07-10,2025-07-10 16:27:56,This is Only the Beginning ($MP) MP Materials,"This is Only the Beginning MP MP Materials I ll start by saying, I ve been following this company for quite some time I wrote this DD last night and unfortunately did not get to posting it in time kms...",123,0.87,97,One-Hovercraft-1935,neutral,0.738132119178772,https://reddit.com/r/wallstreetbets/comments/1lwos1w/this_is_only_the_beginning_mp_mp_materials/,search_plant based meat,DD
1lqljis,2025-07-03,2025-07-03 04:50:05,$AVXL - Up $80k on a stock that might fix your grandpa,"AVXL Up 80k on a stock that might fix your grandpa What the hell is AVXL Their lead drug, Blarcamesine Anavex 2 73 , is targeting Alzheimer s, Parkinson s, Rett Syndrome basically anything that messes...",42,0.83,56,baroo88,negative,0.8268187046051025,https://reddit.com/r/wallstreetbets/comments/1lqljis/avxl_up_80k_on_a_stock_that_might_fix_your_grandpa/,search_borrow fee,YOLO
1lm1ikv,2025-06-27,2025-06-27 13:37:21,"Circle under $200 today, under $100 in 3 months","Circle under 200 today, under 100 in 3 months Circle operates like a giant money market fund on a blockchain You give them 100, they issue you 100 USD stablecoins They invest your 100 in short term tr...",520,0.94,232,Anxious-Ad-7039,neutral,0.8827670812606812,https://reddit.com/r/wallstreetbets/comments/1lm1ikv/circle_under_200_today_under_100_in_3_months/,search_short squeeze,DD
1l92mxi,2025-06-11,2025-06-11 15:02:58,Oklo Surges 30% on â€˜Mission-Criticalâ€™ Air Force Contract,Oklo Surges 30 on Mission Critical Air Force Contract No paywall Shares of nuclear energy startup Oklo OKLO set a fresh record high on Wednesday after the company announced it had tentatively landed a...,199,0.93,80,callsonreddit,positive,0.9434131383895874,https://reddit.com/r/wallstreetbets/comments/1l92mxi/oklo_surges_30_on_missioncritical_air_force/,search_plant based meat,News
1l736uz,2025-06-09,2025-06-09 07:12:57,Why Sweetgreen Is Undervalued,"Why Sweetgreen Is Undervalued So here s my honest take on why I think Sweetgreen is undervalued compared to where it s heading in the future For some context, I ve been slowly accumulating shares sinc...",57,0.69,220,dlotito1,positive,0.6100314855575562,https://reddit.com/r/wallstreetbets/comments/1l736uz/why_sweetgreen_is_undervalued/,search_short squeeze,DD
1l6rv8n,2025-06-09,2025-06-08 19:57:37,Verizon looks primed for a big rally.,"Verizon looks primed for a big rally I ll keep this short and sweet, but here are the bullet points Technically speaking, VZ has been consolidating in a Bullish Pennant for weeks, it has reached the e...",0,0.45,161,daners101,neutral,0.6829481720924377,https://reddit.com/r/wallstreetbets/comments/1l6rv8n/verizon_looks_primed_for_a_big_rally/,search_short squeeze,DD
1l628m7,2025-06-09,2025-06-07 22:04:03,why GOOGL (Alphabet) is a great buy right now,"why GOOGL Alphabet is a great buy right now With WWDC and the Robotaxi event next week, I d like to discuss Google and its parent company Alphabet, they have been in trouble for a while now regarding ...",543,0.88,233,Not-a-Cat_69,neutral,0.9023092985153198,https://reddit.com/r/wallstreetbets/comments/1l628m7/why_googl_alphabet_is_a_great_buy_right_now/,search_short squeeze,DD
1l5ljx1,2025-06-09,2025-06-07 09:02:17,$KSS - 24k USD Call Option YOLO / 10$ strike July 18th,"KSS 24k USD Call Option YOLO 10 strike July 18th Hello degens, after securing 6k profit from AMC calls and DUOL puts I am now doing a YOLO on KSS Pray for me gang because I really want to quit my job ...",84,0.92,54,FatFreeSkimmedMilk,negative,0.6604354381561279,https://reddit.com/r/wallstreetbets/comments/1l5ljx1/kss_24k_usd_call_option_yolo_10_strike_july_18th/,search_borrow fee,YOLO
1l4xg3b,2025-06-06,2025-06-06 11:56:26,Quantum Super(bad)position,"Quantum Super bad position Bought dwave puts out of solidarity to shkreli after seeing his shorts get squeezed Should ve known not to buy so close to expiration I thought I was riding the DWave down, ...",33,0.79,41,poorpatsy,negative,0.9163835644721985,https://reddit.com/r/wallstreetbets/comments/1l4xg3b/quantum_superbadposition/,search_short squeeze,Loss
1l3akkw,2025-06-04,2025-06-04 11:49:26,UNH easiest play of the year,"UNH easiest play of the year Before i get into why it is an obvious answer, lets get into why it is not a bad play 1 As investors deal with the volatility of the changing global trade landscape, they ...",643,0.88,318,Phazem,neutral,0.7850198745727539,https://reddit.com/r/wallstreetbets/comments/1l3akkw/unh_easiest_play_of_the_year/,search_options flow,DD
1l37omv,2025-06-04,2025-06-04 09:56:59,SanDisk ($SNDK) due diligence DD,SanDisk SNDK due diligence DD INITIAL POSITION Bought 200 shares today 39 39 I liked the number Will buy more incrementally until I ve deployed 50k into it and thats my cutoff for this ticker I don t ...,100,0.93,145,b0men,neutral,0.8811478018760681,https://reddit.com/r/wallstreetbets/comments/1l37omv/sandisk_sndk_due_diligence_dd/,search_options flow,DD
1l1p836,2025-06-02,2025-06-02 13:12:20,BYD - the next Evergrande?,"BYD the next Evergrande For those that are unfamiliar with the story Evergrande, once touted as too big to fail, was the most valuable publically traded real estate developer in the world just 7 years...",91,0.65,158,WenMunSun,negative,0.8395417332649231,https://reddit.com/r/wallstreetbets/comments/1l1p836/byd_the_next_evergrande/,search_short squeeze,Discussion
1l0tpfk,2025-06-02,2025-06-01 11:51:09,$JACK recovery?  Or insolvency?,"JACK recovery Or insolvency Does anyone have thoughts or DD on this The 5 year chart looks abysmal They peaked at about 120 in April 2021 Before this, on the 10 year chart not shown bc the app says on...",364,0.89,323,giovannigiannis,neutral,0.5490724444389343,https://reddit.com/r/wallstreetbets/comments/1l0tpfk/jack_recovery_or_insolvency/,search_burger king plant-based,Discussion
